{"cameraMode":{"drawMode":0,"name":"Shaded","section":"Shading Mode"},"sceneLighting":true,"audioPlay":false,"sceneViewState":{"showFog":true,"showMaterialUpdate":true,"showSkybox":true,"showFlares":true,"showImageEffects":true,"showParticleSystems":true},"in2DMode":false,"pivot":{"x":13.685455322265625,"y":-14.872446060180664,"z":-12.096854209899903},"rotation":{"x":0.28100478649139407,"y":0.031663086265325549,"z":-0.00927663128823042,"w":0.9591402411460877},"size":19.49040412902832,"orthographic":false}